id,surname
1,ACARBULUT
2,ADANIR
3,AFŞAR
4,AHISKALI
5,AKANSEL
6,AKAY
7,AKBULUT
8,AKCAN
9,AKDEMİR
10,AKDUMAN
11,AKGÜN
12,AKINCI
13,AKKAŞ
14,AKKOYUNLU
15,AKOVA
16,AKSAÇ
17,AKSEL
18,AKSU
19,AKTAŞ
20,AKTÜRK
21,AKYÜREK
22,ALABALIK
23,ALAY
24,ALBAY
25,ALBOĞA
26,ALICI
27,ALIŞIK
28,ALKURT
29,ALP
30,ALPINAR
31,ALTIN
32,ALTUN
33,ALTUNTAŞ
34,AMİROVA
35,ARACI
36,ARAZ
37,ARGA
38,ARICI
39,ARIKAN
40,ARMAĞAN
41,ARSLANKEÇECİOĞLU
42,AŞAN
43,AŞIK
44,ASLAN
45,ASLANKARA
46,ATAK
47,ATASOY
48,ATBİNİCİ
49,ATEŞ
50,ATILGAN
51,ATMIŞ
52,AVCU
53,AVSEREN
54,AYAZ
55,AYDIN
56,AYDOS
57,AYIK
58,AYKUŞ
59,AYTAÇ
60,AYYILDIZ
61,AZAR
62,BABACAN
63,BABUŞ
64,BADEM
65,BAĞCIK
66,BAHADIR
67,BAK
68,BAKAR
69,BAKLACI
70,BALABAN
71,BALLI
72,BALTA
73,BARATALI
74,BARÇAK
75,BARUT
76,BAŞAR
77,BAŞCI
78,BAŞKAK
79,BAŞTEMİR
80,BAŞYURT
81,BATMAZ
82,BAYAR
83,BAYMAK
84,BAYRAKTAR
85,BAYRAMOĞLU
86,BAYTAN
87,BEDER
88,BEKTAŞ
89,BEREKATOĞLU
90,BERK
91,BEYOĞLU
92,BİÇER
93,BİLGİ
94,BİLİCİ
95,BİRİ
96,BODUROĞLU
97,BOLAT
98,BOLKAN
99,BÖLÜKBAŞ
100,BÖYÜK
101,BOZKURT
102,BOZOĞLAN
103,BÜBER
104,BUĞRUL
105,BULAKÇI
106,BULUR
107,BÜRKÜK
108,BÜYÜKBULUT
109,BÜYÜKDOĞAN
110,BÜYÜKPASTIRMACI
111,ÇAĞIL
112,ÇAKMAK
113,CAMCI
114,CAN
115,CANBAZ
116,CANDANER
117,CANİK
118,CANSEVER
119,CANTÜRK
120,ÇAVDAR
121,ÇAYLI
122,ÇEKİÇ
123,ÇELİK
124,CELİLOĞLU
125,ÇEPNİ
126,CERİT
127,ÇETER
128,ÇETİNKAYA
129,ÇEVİK
130,CEYLAN
131,ÇİFT
132,ÇİLDİR
133,CİMBEK
134,ÇINARLIK
135,ÇINKIR
136,ÇİPE
137,ÇİTİL
138,ÇOBANYILDIZI
139,ÇOLAK
140,CÖMERT
141,ÇÖREKLİ
142,COŞGUN
143,DADALI
144,DAĞDELEN
145,DAL
146,DANIŞOĞLU
147,DAYLAK
148,DEDEOĞLU
149,DEMİRAY
150,DEMİRDAĞ
151,DEMİRER
152,DEMİRKAPI
153,DEMİRTAŞ
154,DERE
155,DEVECİ
156,DİKOĞLU
157,DİLLİ
158,DİNÇER
159,DİVARCI
160,DÖKMECİ
161,DÖNMEZ
162,DUMAN
163,DÜNDAR
164,DURMAN
165,DURSUN
166,DUYSAK
167,DÜZCE
168,DÜZKALIR
169,EKER
170,EKİZ
171,ELÇİÇEK
172,ELİK
173,ELVERDİ
174,EMİRLİOĞLU
175,EMRE
176,ERAT
177,ERDAĞ
178,ERDEN
179,EREL
180,ERGİNEL
181,ERGÜLÜ
182,ERKEN
183,EROL
184,ERSÖZ
185,ERTEKİN
186,ERTÜRKLER
187,ERZURUM
188,EŞFER
189,EŞME
190,EVCİ
191,EVRAN
192,EYİSOY
193,EZER
194,FİDAN
195,FINDIK
196,GAYRETLİ
197,GEÇMEN
198,GEDÜK
199,GENCAN
200,GENÇPINAR
201,GENEZ
202,GERİLMEZ
203,GİDER
204,GÖÇEN
205,GÖKALP
206,GÖKÇEK
207,GÖKKOCA
208,GÖKSOY
209,GÖKTEPE
210,GÖNCÜ
211,GÖRKEM
212,GÖRÜNMEZ
213,GÖZKAYA
214,GÜL
215,GÜLDAMLA
216,GÜLENAY
217,GÜLLÜ
218,GÜLSOY
219,GÜMÜŞ
220,GÜNAY
221,GÜNDOĞDU
222,GÜNEŞ
223,GÜNGÖR
224,GÜRAKAN
225,GÜRDAL
226,GÜRER
227,GÜVEN
228,GÜVEREN
229,HAKYOL
230,HALİS
231,HAŞİMOĞLU
232,HAVAS
233,HİÇDURMAZ
234,HODJAOGLU
235,HÜSEYİNOĞLU
236,İÇBAY
237,İLGEN
238,İLHAN
239,İLKER
240,İNAN
241,İNCE
242,İNER
243,İPLİKÇİ
244,İŞGÖREN
245,IŞIKLI
246,İSTEK
247,İZGİ
248,KABACAOĞLU
249,KACEMER
250,KADAK
251,KAHREMAN
252,KALEM
253,KALYENCİ
254,KAN
255,KANIK
256,KANSU
257,KAPÇAK
258,KARA
259,KARAARSLAN
260,KARABULUT
261,KARADAĞ
262,KARADEMİR
263,KARADURAK
264,KARAİSMAİLOĞLU
265,KARAKAYA
266,KARAKÖSE
267,KARAKULAK
268,KARAKUŞ
269,KARAMAN
270,KARAN
271,KARAPIÇAK
272,KARATOPRAK
273,KARDAŞ
274,KARNAS
275,KARSLI
276,KASAPOĞLU
277,KATRAN
278,KAVURGACI
279,KAYABAŞ
280,KAYAYURT
281,KAYKA
282,KAYLAN
283,KAYRA
284,KAZBEK
285,KEKLİKÇİOĞLU
286,KEMİK
287,KESER
288,KESİM
289,KEVKİR
290,KILAVUZ
291,KILIÇCIOĞLU
292,KINALIOĞLU
293,KIR
294,KIRASLAN
295,KIRCALI
296,KIRIŞ
297,KIRLI
298,KİŞİ
299,KIYAK
300,KIZILMEŞE
301,KIZMAZ
302,KOCA
303,KOCAKAYA
304,KOÇARSLAN
305,KOÇER
306,KOÇYİĞİT
307,KOL
308,KONUK
309,KOPTUR
310,KORKMAZOĞLU
311,KORUCU
312,KÖŞKER
313,KÖYLÜ
314,KOZANOĞLU
315,KÜÇÜKCERAN
316,KÜÇÜKYILDIZ
317,KÜFECİLER
318,KULAK
319,KUMRAL
320,KURT
321,KURU
322,KUŞAKÇI
323,KUTAN
324,KUTLUYURDU
325,KÜTÜKOĞLU
326,LEVENT
327,MALÇOK
328,MAVİ
329,MEMİŞ
330,MENTEŞ
331,MERHAMETSİZ
332,MERTOL
333,METİNEREN
334,MÖNÜR
335,MÜFTÜOĞLU
336,MUTLU
337,NACAROĞLU
338,NAR
339,NASUHBEYOĞLU
340,NOZOĞLU
341,NURLU
342,ÖCALAN
343,OFLAZOĞLU
344,OĞUZ
345,ÖKMEN
346,OKUDAN
347,OLCAR
348,ÖLKER
349,OMAY
350,ONAR
351,ÖNCEL
352,ÖNER
353,ONUK
354,ORAL
355,ÖREN
356,ORHON
357,ORTA
358,ÖVEN
359,ÖZALP
360,ÖZANLAĞAN
361,ÖZATEŞ
362,ÖZBEK
363,ÖZCAN
364,ÖZÇAY
365,ÖZDEMİR
366,ÖZDENOĞLU
367,ÖZEK
368,ÖZEN
369,ÖZGÜR
370,ÖZİŞ
371,ÖZKAYA
372,ÖZKURT
373,ÖZMUK
374,ÖZSOY
375,ÖZTÜRK
376,ÖZÜDOĞRU
377,PAKSOY
378,PARLAK
379,PEKDOĞAN
380,PEKGÖZ
381,PINARBAŞILI
382,PİRİM
383,POLAT
384,PULAT
385,SABAZ
386,SADIÇ
387,SAĞ
388,SAĞIR
389,ŞAHBAZ
390,ŞAİR
391,SAKALLI
392,SALDIRAY
393,SANCAR
394,ŞANLIER
395,SARAÇ
396,SARAYLI
397,SARİ
398,SARIÇİÇEK
399,SARIKAYA
400,ŞAŞMAZ
401,SAVAŞ
402,SAYGIN
403,SAYYİĞİT
404,SEĞMEN
405,SELÇUK
406,SELVAN
407,SEMERCİ
408,SENEMTAŞI
409,ŞENGÜLEROĞLU
410,SERBEST
411,SERT
412,SERTKAYAOĞLU
413,SEVEN
414,SEVİNÇ
415,SEYHAN
416,SEYREKOĞLU
417,SEZGİN
418,ŞİMŞEK
419,ŞİRİN
420,SOBAY
421,SOLUK
422,SÖNMEZ
423,SOYDAN
424,SÖYLEMEZ
425,SÖZEN
426,SUBARİ
427,SULHAN
428,SULUOVA
429,SÜNER
430,SÜRÜCÜ
431,SUVARİ
432,TACİR
433,TALAS
434,TANİŞ
435,TANRİVERDİ
436,TARKAN
437,TAŞAR
438,TAŞKIN
439,TAŞMALI
440,TATLI
441,TAYFUN
442,TAZEOĞLU
443,TEKER
444,TEKİR
445,TEMEL
446,TEMURTAŞ
447,TEOMAN
448,TEZEL
449,TİLBE
450,TOHUMOĞLU
451,TOKATLIOĞLU
452,TOKTAŞ
453,TOMBUL
454,TOPAL
455,TOPÇU
456,TOPKARA
457,TOPUZ
458,TOYRAN
459,TÜFENK
460,TÜLÜCE
461,TUNÇAY
462,TURAÇ
463,TÜRE
464,TURĞUT
465,TÜRKMEN
466,TÜRKYILMAZ
467,TUTAŞ
468,ÜÇER
469,UĞURLU
470,ÜLGEN
471,ULU
472,ULUÖZ
473,ÜNAL
474,ÜNLÜ
475,ÜNÜVAR
476,ÜREYEN
477,URUÇ
478,USLUBAŞ
479,ÜSTÜN
480,UTLU
481,UYĞUN
482,UYSAL
483,ÜZER
484,UZUNCA
485,VAROL
486,VURAL
487,YACI
488,YAĞCI
489,YAKAR
490,YAKUT
491,YALÇINKAYA
492,YAMAK
493,YANCAR
494,YANNİ
495,YARADILMIŞ
496,YARDIMCI
497,YAŞAR
498,YAVUZ
499,YAZICI
500,YEL